,outcode,rightmove_code
0,AB10,1
1,AB11,2
2,AB12,3
3,AB13,4
4,AB14,5
5,AB15,6
6,AB16,7
7,AB21,8
8,AB22,9
9,AB23,10
10,AB24,11
11,AB25,12
12,AB30,13
13,AB31,14
14,AB32,15
15,AB33,16
16,AB34,17
17,AB35,18
18,AB36,19
19,AB37,20
20,AB38,21
21,AB39,22
22,AB41,23
23,AB42,24
24,AB43,25
25,AB44,26
26,AB45,27
27,AB51,28
28,AB52,29
29,AB53,30
30,AB54,31
31,AB55,32
32,AB56,33
33,AB99,6066
34,AL1,34
35,AL10,35
36,AL2,36
37,AL3,37
38,AL4,38
39,AL5,39
40,AL6,40
41,AL7,41
42,AL8,42
43,AL9,43
44,B1,44
45,B10,45
46,B11,46
47,B12,47
48,B13,48
49,B14,49
50,B15,50
51,B16,51
52,B17,52
53,B18,53
54,B19,54
55,B2,55
56,B20,56
57,B21,57
58,B23,59
59,B24,60
60,B25,61
61,B26,62
62,B27,63
63,B28,64
64,B29,65
65,B3,66
66,B30,67
67,B31,68
68,B32,69
69,B33,70
70,B34,71
71,B35,72
72,B36,73
73,B37,74
74,B38,75
75,B4,76
76,B40,77
77,B42,78
78,B43,79
79,B44,80
80,B45,81
81,B46,82
82,B47,83
83,B48,84
84,B49,85
85,B5,86
86,B50,87
87,B6,88
88,B60,89
89,B61,90
90,B62,91
91,B63,92
92,B64,93
93,B65,94
94,B66,95
95,B67,96
96,B68,97
97,B69,98
98,B7,99
99,B70,100
100,B71,101
101,B72,102
102,B73,103
103,B74,104
104,B75,105
105,B76,106
106,B77,107
107,B78,108
108,B79,109
109,B8,110
110,B80,111
111,B9,112
112,B90,113
113,B91,114
114,B92,115
115,B93,116
116,B94,117
117,B95,118
118,B96,119
119,B97,120
120,B98,121
121,BA1,122
122,BA10,123
123,BA11,124
124,BA12,125
125,BA13,126
126,BA14,127
127,BA15,128
128,BA16,129
129,BA2,130
130,BA20,131
131,BA21,132
132,BA22,133
133,BA3,134
134,BA4,135
135,BA5,136
136,BA6,137
137,BA7,138
138,BA8,139
139,BA9,140
140,BB1,141
141,BB10,142
142,BB11,143
143,BB12,144
144,BB18,145
145,BB2,146
146,BB3,147
147,BB4,148
148,BB5,149
149,BB6,150
150,BB7,151
151,BB8,152
152,BB9,153
153,BB94,154
154,BD1,155
155,BD10,156
156,BD11,157
157,BD12,158
158,BD13,159
159,BD14,160
160,BD15,161
161,BD16,162
162,BD17,163
163,BD18,164
164,BD19,165
165,BD2,166
166,BD20,167
167,BD21,168
168,BD22,169
169,BD23,170
170,BD24,171
171,BD3,172
172,BD4,173
173,BD5,174
174,BD6,175
175,BD7,176
176,BD8,177
177,BD9,178
178,BD97,179
179,BD98,180
180,BD99,181
181,BH1,182
182,BH10,183
183,BH11,184
184,BH12,185
185,BH13,186
186,BH14,187
187,BH15,188
188,BH16,189
189,BH17,190
190,BH18,191
191,BH19,192
192,BH2,193
193,BH20,194
194,BH21,195
195,BH22,196
196,BH23,197
197,BH24,198
198,BH25,199
199,BH3,200
200,BH31,201
201,BH4,202
202,BH5,203
203,BH6,204
204,BH7,205
205,BH8,206
206,BH9,207
207,BL0,208
208,BL1,209
209,BL11,210
210,BL2,211
211,BL3,212
212,BL4,213
213,BL5,214
214,BL6,215
215,BL7,216
216,BL78,217
217,BL8,218
218,BL9,219
219,BN1,220
220,BN10,221
221,BN11,222
222,BN12,223
223,BN13,224
224,BN14,225
225,BN15,226
226,BN16,227
227,BN17,228
228,BN18,229
229,BN2,230
230,BN20,231
231,BN21,232
232,BN22,233
233,BN23,234
234,BN24,235
235,BN25,236
236,BN26,237
237,BN27,238
238,BN3,239
239,BN41,240
240,BN42,241
241,BN43,242
242,BN44,243
243,BN45,244
244,BN5,245
245,BN50,6011
246,BN52,6017
247,BN6,246
248,BN7,247
249,BN8,248
250,BN88,2922
251,BN9,249
252,BN99,250
253,BR1,251
254,BR2,252
255,BR3,253
256,BR4,254
257,BR5,255
258,BR6,256
259,BR7,257
260,BR8,258
261,BS1,259
262,BS10,260
263,BS11,261
264,BS13,262
265,BS14,263
266,BS15,264
267,BS16,265
268,BS2,266
269,BS20,267
270,BS21,268
271,BS22,269
272,BS23,270
273,BS24,271
274,BS25,272
275,BS26,273
276,BS27,274
277,BS28,275
278,BS29,276
279,BS3,277
280,BS30,278
281,BS31,279
282,BS32,280
283,BS34,281
284,BS35,282
285,BS36,283
286,BS37,284
287,BS39,285
288,BS4,286
289,BS40,287
290,BS41,288
291,BS48,289
292,BS49,290
293,BS5,291
294,BS6,292
295,BS7,293
296,BS8,295
297,BS9,296
298,BS98,297
299,BS99,298
300,BT1,299
301,BT10,300
302,BT11,301
303,BT12,302
304,BT13,303
305,BT14,304
306,BT15,305
307,BT16,306
308,BT17,307
309,BT18,308
310,BT19,309
311,BT2,310
312,BT20,311
313,BT21,312
314,BT22,313
315,BT23,314
316,BT24,315
317,BT25,316
318,BT26,317
319,BT27,318
320,BT28,319
321,BT29,320
322,BT3,321
323,BT30,322
324,BT31,323
325,BT32,324
326,BT33,325
327,BT34,326
328,BT35,327
329,BT36,328
330,BT37,329
331,BT38,330
332,BT39,331
333,BT4,332
334,BT40,333
335,BT41,334
336,BT42,335
337,BT43,336
338,BT44,337
339,BT45,338
340,BT46,339
341,BT47,340
342,BT48,341
343,BT49,342
344,BT5,343
345,BT51,344
346,BT52,345
347,BT53,346
348,BT54,347
349,BT55,348
350,BT56,349
351,BT57,350
352,BT6,352
353,BT60,353
354,BT61,354
355,BT62,355
356,BT63,356
357,BT64,357
358,BT65,358
359,BT66,359
360,BT67,360
361,BT68,361
362,BT69,362
363,BT7,363
364,BT70,364
365,BT71,365
366,BT74,366
367,BT75,367
368,BT76,368
369,BT77,369
370,BT78,370
371,BT79,371
372,BT8,372
373,BT80,373
374,BT81,374
375,BT82,375
376,BT9,376
377,BT92,377
378,BT93,378
379,BT94,379
380,CA1,380
381,CA10,381
382,CA11,382
383,CA12,383
384,CA13,384
385,CA14,385
386,CA15,386
387,CA16,387
388,CA17,388
389,CA18,389
390,CA19,390
391,CA2,391
392,CA20,392
393,CA21,393
394,CA22,394
395,CA23,395
396,CA24,396
397,CA25,397
398,CA26,398
399,CA27,399
400,CA28,400
401,CA3,401
402,CA4,402
403,CA5,403
404,CA6,404
405,CA7,405
406,CA8,406
407,CA9,407
408,CA95,408
409,CB1,409
410,CB10,410
411,CB11,411
412,CB2,412
413,CB21,6036
414,CB22,6042
415,CB23,6045
416,CB24,6033
417,CB25,6030
418,CB3,413
419,CB4,414
420,CB5,415
421,CB6,416
422,CB7,417
423,CB8,418
424,CB9,419
425,CF10,420
426,CF11,421
427,CF14,422
428,CF15,423
429,CF23,424
430,CF24,425
431,CF3,426
432,CF31,427
433,CF32,428
434,CF33,429
435,CF34,430
436,CF35,431
437,CF36,432
438,CF37,433
439,CF38,434
440,CF39,435
441,CF40,436
442,CF41,437
443,CF42,438
444,CF43,439
445,CF44,440
446,CF45,441
447,CF46,442
448,CF47,443
449,CF48,444
450,CF5,445
451,CF61,446
452,CF62,447
453,CF63,448
454,CF64,449
455,CF71,450
456,CF72,451
457,CF81,452
458,CF82,453
459,CF83,454
460,CF95,455
461,CF99,3013
462,CH1,456
463,CH2,457
464,CH27,5993
465,CH3,458
466,CH34,6008
467,CH4,459
468,CH41,460
469,CH42,461
470,CH43,462
471,CH44,463
472,CH45,464
473,CH46,465
474,CH47,466
475,CH48,467
476,CH49,468
477,CH5,469
478,CH6,470
479,CH60,471
480,CH61,472
481,CH62,473
482,CH63,474
483,CH64,475
484,CH65,476
485,CH66,477
486,CH7,478
487,CH8,479
488,CH88,480
489,CH99,481
490,CM0,482
491,CM1,483
492,CM11,484
493,CM12,485
494,CM13,486
495,CM14,487
496,CM15,488
497,CM16,489
498,CM17,490
499,CM18,491
500,CM19,492
501,CM2,493
502,CM20,494
503,CM21,495
504,CM22,496
505,CM23,497
506,CM24,498
507,CM3,499
508,CM4,500
509,CM5,501
510,CM6,502
511,CM7,503
512,CM77,2923
513,CM8,504
514,CM9,505
515,CM98,6068
516,CM99,506
517,CO1,507
518,CO10,508
519,CO11,509
520,CO12,510
521,CO13,511
522,CO14,512
523,CO15,513
524,CO16,514
525,CO2,515
526,CO3,516
527,CO4,517
528,CO5,518
529,CO6,519
530,CO7,520
531,CO8,521
532,CO9,522
533,CR0,523
534,CR2,524
535,CR3,525
536,CR4,526
537,CR44,5953
538,CR5,527
539,CR6,528
540,CR7,529
541,CR8,530
542,CR9,531
543,CT1,532
544,CT10,533
545,CT11,534
546,CT12,535
547,CT13,536
548,CT14,537
549,CT15,538
550,CT16,539
551,CT17,540
552,CT18,541
553,CT19,542
554,CT2,543
555,CT20,544
556,CT21,545
557,CT3,546
558,CT4,547
559,CT5,548
560,CT50,6038
561,CT6,549
562,CT7,550
563,CT8,551
564,CT9,552
565,CV1,553
566,CV10,554
567,CV11,555
568,CV12,556
569,CV13,557
570,CV2,558
571,CV21,559
572,CV22,560
573,CV23,561
574,CV3,562
575,CV31,563
576,CV32,564
577,CV33,565
578,CV34,566
579,CV35,567
580,CV36,568
581,CV37,569
582,CV4,570
583,CV47,571
584,CV5,572
585,CV6,573
586,CV7,574
587,CV8,575
588,CV9,576
589,CW1,577
590,CW10,578
591,CW11,579
592,CW12,580
593,CW2,581
594,CW3,582
595,CW4,583
596,CW5,584
597,CW6,585
598,CW7,586
599,CW8,587
600,CW9,588
601,CW98,6039
602,DA1,589
603,DA10,590
604,DA11,591
605,DA12,592
606,DA13,593
607,DA14,594
608,DA15,595
609,DA16,596
610,DA17,597
611,DA18,598
612,DA2,599
613,DA3,600
614,DA4,601
615,DA5,602
616,DA6,603
617,DA7,604
618,DA8,605
619,DA9,606
620,DD1,607
621,DD10,608
622,DD11,609
623,DD2,610
624,DD3,611
625,DD4,612
626,DD5,613
627,DD6,614
628,DD7,615
629,DD8,616
630,DD9,617
631,DE1,618
632,DE11,619
633,DE12,620
634,DE13,621
635,DE14,622
636,DE15,623
637,DE21,624
638,DE22,625
639,DE23,626
640,DE24,627
641,DE3,628
642,DE4,629
643,DE45,630
644,DE5,631
645,DE55,632
646,DE56,633
647,DE6,634
648,DE65,635
649,DE7,636
650,DE72,637
651,DE73,638
652,DE74,639
653,DE75,640
654,DE99,641
655,DG1,642
656,DG10,643
657,DG11,644
658,DG12,645
659,DG13,646
660,DG14,647
661,DG16,648
662,DG2,649
663,DG3,650
664,DG4,651
665,DG5,652
666,DG6,653
667,DG7,654
668,DG8,655
669,DG9,656
670,DH1,657
671,DH2,658
672,DH3,659
673,DH4,660
674,DH5,661
675,DH6,662
676,DH7,663
677,DH8,664
678,DH9,665
679,DH97,666
680,DH98,667
681,DH99,668
682,DL1,669
683,DL10,670
684,DL11,671
685,DL12,672
686,DL13,673
687,DL14,674
688,DL15,675
689,DL16,676
690,DL17,677
691,DL2,678
692,DL3,679
693,DL4,680
694,DL5,681
695,DL6,682
696,DL7,683
697,DL8,684
698,DL9,685
699,DN1,686
700,DN10,687
701,DN11,688
702,DN12,689
703,DN14,690
704,DN15,691
705,DN16,692
706,DN17,693
707,DN18,694
708,DN19,695
709,DN2,696
710,DN20,697
711,DN21,698
712,DN22,699
713,DN3,700
714,DN31,701
715,DN32,702
716,DN33,703
717,DN34,704
718,DN35,705
719,DN36,706
720,DN37,707
721,DN38,708
722,DN39,709
723,DN4,710
724,DN40,711
725,DN41,712
726,DN5,713
727,DN55,714
728,DN6,715
729,DN7,716
730,DN8,717
731,DN9,718
732,DT1,719
733,DT10,720
734,DT11,721
735,DT2,722
736,DT3,723
737,DT4,724
738,DT5,725
739,DT6,726
740,DT7,727
741,DT8,728
742,DT9,729
743,DY1,730
744,DY10,731
745,DY11,732
746,DY12,733
747,DY13,734
748,DY14,735
749,DY2,736
750,DY3,737
751,DY4,738
752,DY5,739
753,DY6,740
754,DY7,741
755,DY8,742
756,DY9,743
757,E1,744
758,E10,745
759,E11,746
760,E12,747
761,E13,748
762,E14,749
763,E15,750
764,E16,751
765,E17,752
766,E18,753
767,E1W,754
768,E2,755
769,E20,6110
770,E3,756
771,E4,757
772,E5,758
773,E6,759
774,E7,760
775,E8,762
776,E9,763
777,E98,764
778,EC1A,765
779,EC1M,766
780,EC1N,767
781,EC1P,768
782,EC1R,769
783,EC1V,770
784,EC1Y,771
785,EC2A,772
786,EC2M,773
787,EC2N,774
788,EC2P,775
789,EC2R,776
790,EC2V,777
791,EC2Y,778
792,EC3A,779
793,EC3M,780
794,EC3N,781
795,EC3P,782
796,EC3R,783
797,EC3V,784
798,EC4A,785
799,EC4M,786
800,EC4N,787
801,EC4P,788
802,EC4R,789
803,S18,2215
804,EC4V,790
805,EC4Y,791
806,EH1,793
807,EH10,794
808,EH11,795
809,EH12,796
810,EH13,797
811,EH14,798
812,EH15,799
813,EH16,800
814,EH17,801
815,EH18,802
816,EH19,803
817,EH2,804
818,EH20,805
819,EH21,806
820,EH22,807
821,EH23,808
822,EH24,809
823,EH25,810
824,EH26,811
825,EH27,812
826,EH28,813
827,EH29,814
828,EH3,815
829,EH30,816
830,EH31,817
831,EH32,818
832,EH33,819
833,EH34,820
834,EH35,821
835,EH36,822
836,EH37,823
837,EH38,824
838,EH39,825
839,EH4,826
840,EH40,827
841,EH41,828
842,EH42,829
843,EH43,830
844,EH44,831
845,EH45,832
846,EH46,833
847,EH47,834
848,EH48,835
849,EH49,836
850,EH5,837
851,EH51,838
852,EH52,839
853,EH53,840
854,EH54,841
855,EH55,842
856,EH6,843
857,EH7,844
858,EH8,845
859,EH9,846
860,EH95,847
861,EH99,848
862,EN1,849
863,EN10,850
864,EN11,851
865,EN2,852
866,EN3,853
867,EN4,854
868,EN5,855
869,EN6,856
870,EN7,857
871,EN8,858
872,EN9,859
873,EX1,860
874,EX10,861
875,EX11,862
876,EX12,863
877,EX13,864
878,EX14,865
879,EX15,866
880,EX16,867
881,EX17,868
882,EX18,869
883,EX19,870
884,EX2,871
885,EX20,872
886,EX21,873
887,EX22,874
888,EX23,875
889,EX24,876
890,EX3,877
891,EX31,878
892,EX32,879
893,EX33,880
894,EX34,881
895,EX35,882
896,EX36,883
897,EX37,884
898,EX38,885
899,EX39,886
900,EX4,887
901,EX5,888
902,EX6,889
903,EX7,890
904,EX8,891
905,EX9,892
906,FK1,893
907,FK10,894
908,FK11,895
909,FK12,896
910,FK13,897
911,FK14,898
912,FK15,899
913,FK16,900
914,FK17,901
915,FK18,902
916,FK19,903
917,FK2,904
918,FK20,905
919,FK21,906
920,FK3,907
921,FK4,908
922,FK5,909
923,FK6,910
924,FK7,911
925,FK8,912
926,FK9,913
927,FY1,915
928,FY2,916
929,FY3,917
930,FY4,918
931,FY5,919
932,FY6,920
933,FY7,921
934,FY8,922
935,G1,923
936,G11,924
937,G12,925
938,G13,926
939,G14,927
940,G15,928
941,G2,929
942,G20,930
943,G21,931
944,G22,932
945,G23,933
946,G3,934
947,G31,935
948,G32,936
949,G33,937
950,G34,938
951,G4,939
952,G40,940
953,G41,941
954,G42,942
955,G43,943
956,G44,944
957,G45,945
958,G46,946
959,G5,947
960,G51,948
961,G52,949
962,G53,950
963,G58,951
964,G60,952
965,G61,953
966,G62,954
967,G63,955
968,G64,956
969,G65,957
970,G66,958
971,G67,959
972,G68,960
973,G69,961
974,G70,962
975,G71,963
976,G72,964
977,G73,965
978,G74,966
979,G75,967
980,G76,968
981,G77,969
982,G78,970
983,G79,971
984,G81,973
985,G82,974
986,G83,975
987,G84,976
988,G90,6060
989,GL1,978
990,GL10,979
991,GL11,980
992,GL12,981
993,GL13,982
994,GL14,983
995,GL15,984
996,GL16,985
997,GL17,986
998,GL18,987
999,GL19,988
1000,GL2,989
1001,GL20,990
1002,GL3,991
1003,GL4,992
1004,GL5,993
1005,GL50,994
1006,GL51,995
1007,GL52,996
1008,GL53,997
1009,GL54,998
1010,GL55,999
1011,GL56,1000
1012,GL6,1001
1013,GL7,1002
1014,GL8,1003
1015,GL9,1004
1016,GU1,1005
1017,GU10,1006
1018,GU11,1007
1019,GU12,1008
1020,GU14,1009
1021,GU15,1010
1022,GU16,1011
1023,GU17,1012
1024,GU18,1013
1025,GU19,1014
1026,GU2,1015
1027,GU20,1016
1028,GU21,1017
1029,GU22,1018
1030,GU23,1019
1031,GU24,1020
1032,GU25,1021
1033,GU26,1022
1034,GU27,1023
1035,GU28,1024
1036,GU29,1025
1037,GU3,1026
1038,GU30,1027
1039,GU31,1028
1040,GU32,1029
1041,GU33,1030
1042,GU34,1031
1043,GU35,1032
1044,GU4,1033
1045,GU46,1034
1046,GU47,1035
1047,GU5,1036
1048,GU51,1037
1049,GU52,1038
1050,GU6,1039
1051,GU7,1040
1052,GU8,1041
1053,GU9,1042
1054,HA0,1053
1055,HA1,1054
1056,HA2,1055
1057,HA3,1056
1058,HA4,1057
1059,HA5,1058
1060,HA6,1059
1061,HA7,1060
1062,HA8,1061
1063,HA9,1062
1064,HD1,1063
1065,HD2,1064
1066,HD3,1065
1067,HD4,1066
1068,HD5,1067
1069,HD6,1068
1070,HD7,1069
1071,HD8,1070
1072,HD9,1071
1073,HG1,1072
1074,HG2,1073
1075,HG3,1074
1076,HG4,1075
1077,HG5,1076
1078,HP1,1077
1079,HP10,1078
1080,HP11,1079
1081,HP12,1080
1082,HP13,1081
1083,HP14,1082
1084,HP15,1083
1085,HP16,1084
1086,HP17,1085
1087,HP18,1086
1088,HP19,1087
1089,HP2,1088
1090,HP20,1089
1091,HP21,1090
1092,HP22,1091
1093,HP23,1092
1094,HP27,1093
1095,HP3,1094
1096,HP4,1095
1097,HP5,1096
1098,HP6,1097
1099,HP7,1098
1100,HP8,1099
1101,HP9,1100
1102,HR1,1101
1103,HR2,1102
1104,HR3,1103
1105,HR4,1104
1106,HR5,1105
1107,HR6,1106
1108,HR7,1107
1109,HR8,1108
1110,HR9,1109
1111,HS1,1110
1112,HS2,1111
1113,HS3,1112
1114,HS4,1113
1115,HS5,1114
1116,HS6,1115
1117,HS7,1116
1118,HS8,1117
1119,HS9,1118
1120,HU1,1119
1121,HU10,1120
1122,HU11,1121
1123,HU12,1122
1124,HU13,1123
1125,HU14,1124
1126,HU15,1125
1127,HU16,1126
1128,HU17,1127
1129,HU18,1128
1130,HU19,1129
1131,HU2,1130
1132,HU20,1131
1133,HU3,1132
1134,HU4,1133
1135,HU5,1134
1136,HU6,1135
1137,HU7,1136
1138,HU8,1137
1139,HU9,1138
1140,HX1,1139
1141,HX2,1140
1142,HX3,1141
1143,HX4,1142
1144,HX5,1143
1145,HX6,1144
1146,HX7,1145
1147,IG1,1146
1148,IG10,1147
1149,IG11,1148
1150,IG2,1149
1151,IG3,1150
1152,IG4,1151
1153,IG5,1152
1154,IG6,1153
1155,IG7,1154
1156,IG8,1155
1157,IG9,1156
1158,IP1,1167
1159,IP10,1168
1160,IP11,1169
1161,IP12,1170
1162,IP13,1171
1163,IP14,1172
1164,IP15,1173
1165,IP16,1174
1166,IP17,1175
1167,IP18,1176
1168,IP19,1177
1169,IP2,1178
1170,IP20,1179
1171,IP21,1180
1172,IP22,1181
1173,IP23,1182
1174,IP24,1183
1175,IP25,1184
1176,IP26,1185
1177,IP27,1186
1178,IP28,1187
1179,IP29,1188
1180,IP3,1189
1181,IP30,1190
1182,IP31,1191
1183,IP32,1192
1184,IP33,1193
1185,IP4,1194
1186,IP5,1195
1187,IP6,1196
1188,IP7,1197
1189,IP8,1198
1190,IP9,1199
1191,IP98,1200
1192,IV1,1201
1193,IV10,1202
1194,IV11,1203
1195,IV12,1204
1196,IV13,1205
1197,IV14,1206
1198,IV15,1207
1199,IV16,1208
1200,IV17,1209
1201,IV18,1210
1202,IV19,1211
1203,IV2,1212
1204,IV20,1213
1205,IV21,1214
1206,IV22,1215
1207,IV23,1216
1208,IV24,1217
1209,IV25,1218
1210,IV26,1219
1211,S2,2216
1212,IV27,1220
1213,IV28,1221
1214,IV3,1222
1215,IV30,1223
1216,IV31,1224
1217,IV32,1225
1218,IV36,1226
1219,IV4,1227
1220,IV40,1228
1221,IV41,1229
1222,IV42,1230
1223,IV43,1231
1224,IV44,1232
1225,IV45,1233
1226,IV46,1234
1227,IV47,1235
1228,IV48,1236
1229,IV49,1237
1230,IV5,1238
1231,IV51,1239
1232,IV52,1240
1233,IV53,1241
1234,IV54,1242
1235,IV55,1243
1236,IV56,1244
1237,IV6,1245
1238,IV63,1246
1239,IV7,1247
1240,IV8,1248
1241,IV9,1249
1242,KA1,1254
1243,KA10,1255
1244,KA11,1256
1245,KA12,1257
1246,KA13,1258
1247,KA14,1259
1248,KA15,1260
1249,KA16,1261
1250,KA17,1262
1251,KA18,1263
1252,KA19,1264
1253,KA2,1265
1254,KA20,1266
1255,KA21,1267
1256,KA22,1268
1257,KA23,1269
1258,KA24,1270
1259,KA25,1271
1260,KA26,1272
1261,KA27,1273
1262,KA28,1274
1263,KA29,1275
1264,KA3,1276
1265,KA30,1277
1266,KA4,1278
1267,KA5,1279
1268,KA6,1280
1269,KA7,1281
1270,KA8,1282
1271,KA9,1283
1272,KT1,1284
1273,KT10,1285
1274,KT11,1286
1275,KT12,1287
1276,KT13,1288
1277,KT14,1289
1278,KT15,1290
1279,KT16,1291
1280,KT17,1292
1281,KT18,1293
1282,KT19,1294
1283,KT2,1295
1284,KT20,1296
1285,KT21,1297
1286,KT22,1298
1287,KT23,1299
1288,KT24,1300
1289,KT3,1301
1290,KT4,1302
1291,KT5,1303
1292,KT6,1304
1293,KT7,1305
1294,KT8,1306
1295,KT9,1307
1296,KW1,1308
1297,KW10,1309
1298,KW11,1310
1299,KW12,1311
1300,KW13,1312
1301,KW14,1313
1302,KW15,1314
1303,KW16,1315
1304,KW17,1316
1305,KW2,1317
1306,KW3,1318
1307,KW5,1319
1308,KW6,1320
1309,KW7,1321
1310,KW8,1322
1311,KW9,1323
1312,KY1,1324
1313,KY10,1325
1314,KY11,1326
1315,KY12,1327
1316,KY13,1328
1317,KY14,1329
1318,KY15,1330
1319,KY16,1331
1320,KY2,1332
1321,KY3,1333
1322,KY4,1334
1323,KY5,1335
1324,KY6,1336
1325,KY7,1337
1326,KY8,1338
1327,KY9,1339
1328,KY99,1340
1329,L1,1341
1330,L10,1342
1331,L11,1343
1332,L12,1344
1333,L13,1345
1334,L14,1346
1335,L15,1347
1336,L16,1348
1337,L17,1349
1338,L18,1350
1339,L19,1351
1340,L2,1352
1341,L20,1353
1342,L21,1354
1343,L22,1355
1344,L23,1356
1345,L24,1357
1346,L25,1358
1347,L26,1359
1348,L27,1360
1349,L28,1361
1350,L29,1362
1351,L3,1363
1352,L30,1364
1353,L31,1365
1354,L32,1366
1355,L33,1367
1356,L34,1368
1357,L35,1369
1358,L36,1370
1359,L37,1371
1360,L38,1372
1361,L39,1373
1362,L4,1374
1363,L40,1375
1364,L5,1376
1365,L6,1377
1366,L67,1378
1367,L68,1379
1368,L69,1380
1369,L7,1381
1370,L70,1382
1371,L71,1383
1372,L72,1384
1373,L74,1386
1374,L75,1387
1375,L8,1388
1376,L9,1389
1377,LA1,1390
1378,LA10,1391
1379,LA11,1392
1380,LA12,1393
1381,LA13,1394
1382,LA14,1395
1383,LA15,1396
1384,LA16,1397
1385,LA17,1398
1386,LA18,1399
1387,LA19,1400
1388,LA2,1401
1389,LA20,1402
1390,LA21,1403
1391,LA22,1404
1392,LA23,1405
1393,LA3,1406
1394,LA4,1407
1395,LA5,1408
1396,LA6,1409
1397,LA7,1410
1398,LA8,1411
1399,LA9,1412
1400,LD1,1413
1401,LD2,1414
1402,LD3,1415
1403,LD4,1416
1404,LD5,1417
1405,LD6,1418
1406,LD7,1419
1407,LD8,1420
1408,LE1,1421
1409,LE10,1422
1410,LE11,1423
1411,LE12,1424
1412,LE13,1425
1413,LE14,1426
1414,LE15,1427
1415,LE16,1428
1416,LE17,1429
1417,LE18,1430
1418,LE19,2925
1419,LE2,1431
1420,LE3,1432
1421,LE4,1433
1422,LE5,1434
1423,LE55,1435
1424,LE6,1436
1425,LE65,1437
1426,LE67,1438
1427,LE7,1439
1428,LE8,1440
1429,LE87,1441
1430,LE9,1442
1431,LE95,1444
1432,LL11,1445
1433,LL12,1446
1434,LL13,1447
1435,LL14,1448
1436,LL15,1449
1437,LL16,1450
1438,LL17,1451
1439,LL18,1452
1440,LL19,1453
1441,LL20,1454
1442,LL21,1455
1443,LL22,1456
1444,LL23,1457
1445,LL24,1458
1446,LL25,1459
1447,LL26,1460
1448,LL27,1461
1449,LL28,1462
1450,LL29,1463
1451,LL30,1464
1452,LL31,1465
1453,LL32,1466
1454,LL33,1467
1455,LL34,1468
1456,LL35,1469
1457,LL36,1470
1458,LL37,1471
1459,LL38,1472
1460,LL39,1473
1461,LL40,1474
1462,LL41,1475
1463,LL42,1476
1464,LL43,1477
1465,LL44,1478
1466,LL45,1479
1467,LL46,1480
1468,LL47,1481
1469,LL48,1482
1470,LL49,1483
1471,LL51,1484
1472,LL52,1485
1473,LL53,1486
1474,LL54,1487
1475,LL55,1488
1476,LL56,1489
1477,LL57,1490
1478,LL58,1491
1479,LL59,1492
1480,LL60,1493
1481,LL61,1494
1482,LL62,1495
1483,LL63,1496
1484,LL64,1497
1485,LL65,1498
1486,LL66,1499
1487,LL67,1500
1488,LL68,1501
1489,LL69,1502
1490,LL70,1503
1491,LL71,1504
1492,LL72,1505
1493,LL73,1506
1494,LL74,1507
1495,LL75,1508
1496,LL76,1509
1497,LL77,1510
1498,LL78,1511
1499,LN1,1512
1500,LN10,1513
1501,LN11,1514
1502,LN12,1515
1503,LN13,1516
1504,LN2,1517
1505,LN3,1518
1506,LN4,1519
1507,LN5,1520
1508,LN6,1521
1509,LN7,1522
1510,LN8,1523
1511,LN9,1524
1512,LS1,1525
1513,LS10,1526
1514,LS11,1527
1515,LS12,1528
1516,LS13,1529
1517,LS14,1530
1518,LS15,1531
1519,LS16,1532
1520,LS17,1533
1521,LS18,1534
1522,LS19,1535
1523,LS2,1536
1524,LS20,1537
1525,LS21,1538
1526,LS22,1539
1527,LS23,1540
1528,LS24,1541
1529,LS25,1542
1530,LS26,1543
1531,LS27,1544
1532,LS28,1545
1533,LS29,1546
1534,LS3,1547
1535,LS4,1548
1536,LS5,1549
1537,LS6,1550
1538,LS7,1551
1539,LS8,1552
1540,LS88,5954
1541,LS9,1553
1542,LS98,1554
1543,LS99,1555
1544,LU1,1556
1545,LU2,1557
1546,LU3,1558
1547,LU4,1559
1548,LU5,1560
1549,LU6,1561
1550,LU7,1562
1551,M1,1564
1552,M11,1565
1553,M12,1566
1554,M13,1567
1555,M14,1568
1556,M15,1569
1557,M16,1570
1558,M17,1571
1559,M18,1572
1560,M19,1573
1561,M2,1574
1562,M20,1575
1563,M21,1576
1564,M22,1577
1565,M23,1578
1566,M24,1579
1567,M25,1580
1568,M26,1581
1569,M27,1582
1570,M28,1583
1571,M29,1584
1572,M3,1585
1573,M30,1586
1574,M31,1587
1575,M32,1588
1576,M33,1589
1577,M34,1590
1578,M35,1591
1579,M38,1592
1580,M4,1593
1581,M40,1594
1582,M41,1595
1583,M43,1596
1584,M44,1597
1585,M45,1598
1586,M46,1599
1587,M5,1600
1588,M50,2926
1589,M6,1601
1590,M60,1602
1591,M7,1603
1592,M8,1604
1593,M9,1605
1594,M90,1606
1595,M99,1607
1596,ME1,1608
1597,ME10,1609
1598,ME11,1610
1599,ME12,1611
1600,ME13,1612
1601,ME14,1613
1602,ME15,1614
1603,ME16,1615
1604,ME17,1616
1605,ME18,1617
1606,ME19,1618
1607,ME2,1619
1608,ME20,1620
1609,ME3,1621
1610,ME4,1622
1611,ME5,1623
1612,ME6,1624
1613,ME7,1625
1614,ME8,1626
1615,ME9,1627
1616,MK1,1628
1617,MK10,1629
1618,MK11,1630
1619,MK12,1631
1620,MK13,1632
1621,MK14,1633
1622,MK15,1634
1623,MK16,1635
1624,MK17,1636
1625,MK18,1637
1626,MK19,1638
1627,MK2,1639
1628,MK3,1640
1629,MK4,1641
1630,MK40,1642
1631,MK41,1643
1632,MK42,1644
1633,MK43,1645
1634,MK44,1646
1635,MK45,1647
1636,MK46,1648
1637,MK5,1649
1638,MK6,1650
1639,MK7,1651
1640,MK77,5955
1641,MK8,1652
1642,MK9,1653
1643,ML1,1654
1644,ML10,1655
1645,ML11,1656
1646,ML12,1657
1647,ML2,1658
1648,ML3,1659
1649,ML4,1660
1650,ML5,1661
1651,ML6,1662
1652,ML7,1663
1653,ML8,1664
1654,ML9,1665
1655,N1,1666
1656,N10,1667
1657,N11,1668
1658,N12,1669
1659,N13,1670
1660,N14,1671
1661,N15,1672
1662,N16,1673
1663,N17,1674
1664,N18,1675
1665,N19,1676
1666,N1C,6147
1667,N2,1677
1668,N20,1678
1669,N21,1679
1670,N22,1680
1671,N3,1681
1672,N4,1682
1673,N5,1683
1674,N6,1684
1675,N7,1685
1676,N8,1686
1677,N9,1687
1678,NE1,1688
1679,NE10,1689
1680,NE11,1690
1681,NE12,1691
1682,NE13,1692
1683,NE15,1693
1684,NE16,1694
1685,NE17,1695
1686,NE18,1696
1687,NE19,1697
1688,NE2,1698
1689,NE20,1699
1690,NE21,1700
1691,NE22,1701
1692,NE23,1702
1693,NE24,1703
1694,NE25,1704
1695,NE26,1705
1696,NE27,1706
1697,NE28,1707
1698,NE29,1708
1699,NE3,1709
1700,NE30,1710
1701,NE31,1711
1702,NE32,1712
1703,NE33,1713
1704,NE34,1714
1705,NE35,1715
1706,NE36,1716
1707,NE37,1717
1708,NE38,1718
1709,NE39,1719
1710,NE4,1720
1711,NE40,1721
1712,NE41,1722
1713,NE42,1723
1714,NE43,1724
1715,NE44,1725
1716,NE45,1726
1717,NE46,1727
1718,NE47,1728
1719,NE48,1729
1720,NE49,1730
1721,NE5,1731
1722,NE6,1732
1723,NE61,1733
1724,NE62,1734
1725,NE63,1735
1726,NE64,1736
1727,NE65,1737
1728,NE66,1738
1729,NE67,1739
1730,NE68,1740
1731,NE69,1741
1732,NE7,1742
1733,NE70,1743
1734,NE71,1744
1735,NE8,1745
1736,NE82,1746
1737,NE83,3008
1738,NE85,1747
1739,NE88,1748
1740,NE9,1749
1741,NE92,6057
1742,NE98,1750
1743,NE99,1751
1744,NG1,1752
1745,NG10,1753
1746,NG11,1754
1747,NG12,1755
1748,NG13,1756
1749,NG14,1757
1750,NG15,1758
1751,NG16,1759
1752,NG17,1760
1753,NG18,1761
1754,NG19,1762
1755,NG2,1763
1756,NG20,1764
1757,NG21,1765
1758,NG22,1766
1759,NG23,1767
1760,NG24,1768
1761,NG25,1769
1762,NG3,1770
1763,NG31,1771
1764,NG32,1772
1765,NG33,1773
1766,NG34,1774
1767,NG4,1775
1768,NG5,1776
1769,NG6,1777
1770,NG7,1778
1771,NG8,1780
1772,NG80,5956
1773,NG9,1781
1774,NG90,1782
1775,NN1,1783
1776,NN10,1784
1777,NN11,1785
1778,NN12,1786
1779,NN13,1787
1780,NN14,1788
1781,NN15,1789
1782,NN16,1790
1783,NN17,1791
1784,NN18,1792
1785,NN2,1793
1786,NN29,1794
1787,NN3,1795
1788,NN4,1796
1789,NN5,1797
1790,NN6,1798
1791,NN7,1799
1792,NN8,1800
1793,NN9,1801
1794,NP10,1802
1795,NP11,1803
1796,NP12,1804
1797,NP13,1805
1798,NP15,1806
1799,NP16,1807
1800,NP18,1808
1801,NP19,1809
1802,NP20,1810
1803,NP22,1811
1804,NP23,1812
1805,NP24,1813
1806,NP25,1814
1807,NP26,1815
1808,NP4,1816
1809,NP44,1817
1810,NP7,1818
1811,NP8,1819
1812,NR1,1820
1813,NR10,1821
1814,NR11,1822
1815,NR12,1823
1816,NR13,1824
1817,NR14,1825
1818,NR15,1826
1819,NR16,1827
1820,NR17,1828
1821,NR18,1829
1822,NR19,1830
1823,NR2,1831
1824,NR20,1832
1825,NR21,1833
1826,NR22,1834
1827,NR23,1835
1828,NR24,1836
1829,NR25,1837
1830,NR26,1838
1831,NR27,1839
1832,NR28,1840
1833,NR29,1841
1834,NR3,1842
1835,NR30,1843
1836,NR31,1844
1837,NR32,1845
1838,NR33,1846
1839,NR34,1847
1840,NR35,1848
1841,NR4,1849
1842,NR5,1850
1843,NR6,1851
1844,NR7,1852
1845,NR8,1853
1846,NR9,1854
1847,NR99,6083
1848,NW1,1855
1849,NW10,1856
1850,NW11,1857
1851,NW2,1858
1852,NW3,1859
1853,NW4,1860
1854,NW5,1861
1855,NW6,1862
1856,NW7,1863
1857,NW8,1864
1858,NW9,1865
1859,OL1,1866
1860,OL10,1867
1861,OL11,1868
1862,OL12,1869
1863,OL13,1870
1864,OL14,1871
1865,OL15,1872
1866,OL16,1873
1867,OL2,1874
1868,OL3,1875
1869,OL4,1876
1870,OL5,1877
1871,OL6,1878
1872,OL7,1879
1873,OL8,1880
1874,OL9,1881
1875,OL95,1882
1876,OX1,1883
1877,OX10,1884
1878,OX11,1885
1879,OX12,1886
1880,OX13,1887
1881,OX14,1888
1882,OX15,1889
1883,OX16,1890
1884,OX17,1891
1885,OX18,1892
1886,OX2,1893
1887,OX20,1894
1888,OX25,1895
1889,OX26,1896
1890,OX27,1897
1891,OX28,1898
1892,OX29,1899
1893,OX3,1900
1894,OX33,1901
1895,OX39,1902
1896,OX4,1903
1897,OX44,1904
1898,OX49,1905
1899,OX5,1906
1900,OX7,1907
1901,OX9,1908
1902,PA1,1909
1903,PA10,1910
1904,PA11,1911
1905,PA12,1912
1906,PA13,1913
1907,PA14,1914
1908,PA15,1915
1909,PA16,1916
1910,PA17,1917
1911,PA18,1918
1912,PA19,1919
1913,PA2,1920
1914,PA20,1921
1915,PA21,1922
1916,PA22,1923
1917,PA23,1924
1918,PA24,1925
1919,PA25,1926
1920,PA26,1927
1921,PA27,1928
1922,PA28,1929
1923,PA29,1930
1924,PA3,1931
1925,PA30,1932
1926,PA31,1933
1927,PA32,1934
1928,PA33,1935
1929,PA34,1936
1930,PA35,1937
1931,PA36,1938
1932,PA37,1939
1933,PA38,1940
1934,PA4,1941
1935,PA41,1942
1936,PA42,1943
1937,PA43,1944
1938,PA44,1945
1939,PA45,1946
1940,PA46,1947
1941,PA47,1948
1942,PA48,1949
1943,PA49,1950
1944,PA5,1951
1945,PA6,1952
1946,PA60,1953
1947,PA61,1954
1948,PA62,1955
1949,PA63,1956
1950,PA64,1957
1951,PA65,1958
1952,PA66,1959
1953,PA67,1960
1954,PA68,1961
1955,PA69,1962
1956,PA7,1963
1957,PA70,1964
1958,PA71,1965
1959,PA72,1966
1960,PA73,1967
1961,PA74,1968
1962,PA75,1969
1963,PA76,1970
1964,PA77,1971
1965,PA78,1972
1966,PA8,1973
1967,PA80,6104
1968,PA9,1974
1969,PE1,1975
1970,PE10,1976
1971,PE11,1977
1972,PE12,1978
1973,PE13,1979
1974,PE14,1980
1975,PE15,1981
1976,PE16,1982
1977,PE19,1983
1978,PE2,1984
1979,PE20,1985
1980,PE21,1986
1981,PE22,1987
1982,PE23,1988
1983,PE24,1989
1984,PE25,1990
1985,PE26,1991
1986,PE27,1992
1987,PE28,1993
1988,PE29,1994
1989,PE3,1995
1990,PE30,1996
1991,PE31,1997
1992,PE32,1998
1993,PE33,1999
1994,PE34,2000
1995,PE35,2001
1996,PE36,2002
1997,PE37,2003
1998,PE38,2004
1999,PE4,2005
2000,PE5,2006
2001,PE6,2007
2002,PE7,2008
2003,PE8,2009
2004,PE9,2010
2005,PH1,2011
2006,PH10,2012
2007,PH11,2013
2008,PH12,2014
2009,PH13,2015
2010,PH14,2016
2011,PH15,2017
2012,PH16,2018
2013,PH17,2019
2014,PH18,2020
2015,PH19,2021
2016,PH2,2022
2017,PH20,2023
2018,PH21,2024
2019,PH22,2025
2020,PH23,2026
2021,PH24,2027
2022,PH25,2028
2023,PH26,2029
2024,PH3,2030
2025,PH30,2031
2026,PH31,2032
2027,PH32,2033
2028,PH33,2034
2029,PH34,2035
2030,PH35,2036
2031,PH36,2037
2032,PH37,2038
2033,PH38,2039
2034,PH39,2040
2035,PH4,2041
2036,PH40,2042
2037,PH41,2043
2038,PH42,2044
2039,PH43,2045
2040,PH44,2046
2041,PH49,2047
2042,PH5,2048
2043,PH50,2049
2044,PH6,2050
2045,PH7,2051
2046,PH8,2052
2047,PH9,2053
2048,PL1,2054
2049,PL10,2055
2050,PL11,2056
2051,PL12,2057
2052,PL13,2058
2053,PL14,2059
2054,PL15,2060
2055,PL16,2061
2056,PL17,2062
2057,PL18,2063
2058,PL19,2064
2059,PL2,2065
2060,PL20,2066
2061,PL21,2067
2062,PL22,2068
2063,PL23,2069
2064,PL24,2070
2065,PL25,2071
2066,PL26,2072
2067,PL27,2073
2068,PL28,2074
2069,PL29,2075
2070,PL3,2076
2071,PL30,2077
2072,PL31,2078
2073,PL32,2079
2074,PL33,2080
2075,PL34,2081
2076,PL35,2082
2077,PL4,2083
2078,PL5,2084
2079,PL6,2085
2080,PL7,2086
2081,PL8,2087
2082,PL9,2088
2083,PL95,2089
2084,PO1,2090
2085,PO10,2091
2086,PO11,2092
2087,PO12,2093
2088,PO13,2094
2089,PO14,2095
2090,PO15,2096
2091,PO16,2097
2092,PO17,2098
2093,PO18,2099
2094,PO19,2100
2095,PO2,2101
2096,PO20,2102
2097,PO21,2103
2098,PO22,2104
2099,PO3,2105
2100,PO30,2106
2101,PO31,2107
2102,PO32,2108
2103,PO33,2109
2104,PO34,2110
2105,PO35,2111
2106,PO36,2112
2107,PO37,2113
2108,PO38,2114
2109,PO39,2115
2110,PO4,2116
2111,PO40,2117
2112,PO41,2118
2113,PO5,2119
2114,PO6,2120
2115,PO7,2121
2116,PO8,2122
2117,PO9,2123
2118,PR0,2124
2119,PR1,2125
2120,PR11,2126
2121,PR2,2127
2122,PR25,2128
2123,PR26,2129
2124,PR3,2130
2125,PR4,2131
2126,PR5,2132
2127,PR6,2133
2128,PR7,2134
2129,PR8,2135
2130,PR9,2136
2131,RG1,2137
2132,RG10,2138
2133,RG12,2139
2134,RG14,2140
2135,RG17,2141
2136,RG18,2142
2137,RG19,2143
2138,RG2,2144
2139,RG20,2145
2140,RG21,2146
2141,RG22,2147
2142,RG23,2148
2143,RG24,2149
2144,RG25,2150
2145,RG26,2151
2146,RG27,2152
2147,RG28,2153
2148,RG29,2154
2149,RG30,2155
2150,RG31,2156
2151,RG4,2157
2152,RG40,2158
2153,RG41,2159
2154,RG42,2160
2155,RG45,2161
2156,RG5,2162
2157,RG6,2163
2158,RG7,2164
2159,RG8,2165
2160,RG9,2166
2161,RH1,2167
2162,RH10,2168
2163,RH11,2169
2164,RH12,2170
2165,RH13,2171
2166,RH14,2172
2167,RH15,2173
2168,RH16,2174
2169,RH17,2175
2170,RH18,2176
2171,RH19,2177
2172,RH2,2178
2173,RH20,2179
2174,RH3,2180
2175,RH4,2181
2176,RH5,2182
2177,RH6,2183
2178,RH7,2184
2179,RH77,6065
2180,RH8,2185
2181,RH9,2186
2182,RM1,2187
2183,RM10,2188
2184,RM11,2189
2185,RM12,2190
2186,RM13,2191
2187,RM14,2192
2188,RM15,2193
2189,RM16,2194
2190,RM17,2195
2191,RM18,2196
2192,RM19,2197
2193,RM2,2198
2194,RM20,2199
2195,RM3,2200
2196,RM4,2201
2197,RM5,2202
2198,RM6,2204
2199,RM7,2205
2200,RM8,2206
2201,RM9,2207
2202,S1,2208
2203,S10,2209
2204,S11,2210
2205,S12,2211
2206,S13,2212
2207,S14,2213
2208,S17,2214
2209,S20,2217
2210,S21,2218
2211,S25,2219
2212,S26,2220
2213,S3,2221
2214,S32,2222
2215,S33,2223
2216,S35,2224
2217,S36,2225
2218,S4,2226
2219,S40,2227
2220,S41,2228
2221,S42,2229
2222,S43,2230
2223,S44,2231
2224,S45,2232
2225,S49,2233
2226,S5,2234
2227,S6,2235
2228,S60,2236
2229,S61,2237
2230,S62,2238
2231,S63,2239
2232,S64,2240
2233,S65,2241
2234,S66,2242
2235,S7,2243
2236,S70,2244
2237,S71,2245
2238,S72,2246
2239,S73,2247
2240,S74,2248
2241,S75,2249
2242,S8,2250
2243,S80,2251
2244,S81,2252
2245,S9,2253
2246,S96,2254
2247,S97,2255
2248,S98,2256
2249,S99,6069
2250,SA1,2257
2251,SA10,2258
2252,SA11,2259
2253,SA12,2260
2254,SA13,2261
2255,SA14,2262
2256,SA15,2263
2257,SA16,2264
2258,SA17,2265
2259,SA18,2266
2260,SA19,2267
2261,SA2,2268
2262,SA20,2269
2263,SA3,2270
2264,SA31,2271
2265,SA32,2272
2266,SA33,2273
2267,SA34,2274
2268,SA35,2275
2269,SA36,2276
2270,SA37,2277
2271,SA38,2278
2272,SA39,2279
2273,SA4,2280
2274,SA40,2281
2275,SA41,2282
2276,SA42,2283
2277,SA43,2284
2278,SA44,2285
2279,SA45,2286
2280,SA46,2287
2281,SA47,2288
2282,SA48,2289
2283,SA5,2290
2284,SA6,2291
2285,SA61,2292
2286,SA62,2293
2287,SA63,2294
2288,SA64,2295
2289,SA65,2296
2290,SA66,2297
2291,SA67,2298
2292,SA68,2299
2293,SA69,2300
2294,SA7,2301
2295,SA70,2302
2296,SA71,2303
2297,SA72,2304
2298,SA73,2305
2299,SA8,2306
2300,SA80,6054
2301,SA9,2307
2302,SA99,2308
2303,SE1,2309
2304,SE10,2310
2305,SE11,2311
2306,SE12,2312
2307,SE13,2313
2308,SE14,2314
2309,SE15,2315
2310,SE16,2316
2311,SE17,2317
2312,SE18,2318
2313,SE19,2319
2314,SE2,2320
2315,SE20,2321
2316,SE21,2322
2317,SE22,2323
2318,SE23,2324
2319,SE24,2325
2320,SE25,2326
2321,SE26,2327
2322,SE27,2328
2323,SE28,2329
2324,SE3,2330
2325,SE4,2331
2326,SE5,2332
2327,SE6,2333
2328,SE7,2334
2329,SE8,2335
2330,SE9,2336
2331,SG1,2337
2332,SG10,2338
2333,SG11,2339
2334,SG12,2340
2335,SG13,2341
2336,SG14,2342
2337,SG15,2343
2338,SG16,2344
2339,SG17,2345
2340,SG18,2346
2341,SG19,2347
2342,SG2,2348
2343,SG3,2349
2344,SG4,2350
2345,SG5,2351
2346,SG6,2352
2347,SG7,2353
2348,SG8,2354
2349,SG9,2355
2350,SK1,2356
2351,SK10,2357
2352,SK11,2358
2353,SK12,2359
2354,SK13,2360
2355,SK14,2361
2356,SK15,2362
2357,SK16,2363
2358,SK17,2364
2359,SK2,2365
2360,SK22,2366
2361,SK23,2367
2362,SK3,2368
2363,SK4,2369
2364,SK5,2370
2365,SK6,2371
2366,SK7,2372
2367,SK8,2373
2368,SK9,2374
2369,SL0,2375
2370,SL1,2376
2371,SL2,2377
2372,SL3,2378
2373,SL4,2379
2374,SL5,2380
2375,SL6,2381
2376,SL7,2382
2377,SL8,2383
2378,SL9,2384
2379,SL95,5979
2380,SM1,2385
2381,SM2,2386
2382,SM3,2387
2383,SM4,2388
2384,SM5,2389
2385,SM6,2390
2386,SM7,2391
2387,SN1,2392
2388,SN10,2393
2389,SN11,2394
2390,SN12,2395
2391,SN13,2396
2392,SN14,2397
2393,SN15,2398
2394,SN16,2399
2395,SN2,2400
2396,SN25,2401
2397,SN26,2402
2398,SN3,2403
2399,SN38,2404
2400,SN4,2405
2401,SN5,2406
2402,SN6,2407
2403,SN7,2408
2404,SN8,2409
2405,SN9,2410
2406,SN99,2411
2407,SO14,2412
2408,SO15,2413
2409,SO16,2414
2410,SO17,2415
2411,SO18,2416
2412,SO19,2417
2413,SO20,2418
2414,SO21,2419
2415,SO22,2420
2416,SO23,2421
2417,SO24,2422
2418,SO30,2423
2419,SO31,2424
2420,SO32,2425
2421,SO40,2426
2422,SO41,2427
2423,SO42,2428
2424,SO43,2429
2425,SO45,2430
2426,SO50,2431
2427,SO51,2432
2428,SO52,2433
2429,SO53,2434
2430,SO97,6078
2431,SP1,2435
2432,SP10,2436
2433,SP11,2437
2434,SP2,2438
2435,SP3,2439
2436,SP4,2440
2437,SP5,2441
2438,SP6,2442
2439,SP7,2443
2440,SP8,2444
2441,SP9,2445
2442,SR1,2446
2443,SR2,2447
2444,SR3,2448
2445,SR4,2449
2446,SR5,2451
2447,SR6,2452
2448,SR7,2453
2449,SR8,2454
2450,SS0,2456
2451,SS1,2457
2452,SS11,2458
2453,SS12,2459
2454,SS13,2460
2455,SS14,2461
2456,SS15,2462
2457,SS16,2463
2458,SS17,2464
2459,SS2,2465
2460,SS22,2466
2461,SS3,2467
2462,SS4,2468
2463,SS5,2469
2464,SS6,2470
2465,SS7,2471
2466,SS8,2472
2467,SS9,2473
2468,SS99,2474
2469,ST1,2475
2470,ST10,2476
2471,ST11,2477
2472,ST12,2478
2473,ST13,2479
2474,ST14,2480
2475,ST15,2481
2476,ST16,2482
2477,ST17,2483
2478,ST18,2484
2479,ST19,2485
2480,ST2,2486
2481,ST20,2487
2482,ST21,2488
2483,ST3,2489
2484,ST4,2490
2485,ST5,2491
2486,ST55,6026
2487,ST6,2492
2488,ST7,2493
2489,ST8,2494
2490,ST9,2495
2491,SW10,2496
2492,SW11,2497
2493,SW12,2498
2494,SW13,2499
2495,SW14,2500
2496,SW15,2501
2497,SW16,2502
2498,SW17,2503
2499,SW18,2504
2500,SW19,2505
2501,SW1A,2506
2502,SW1E,2507
2503,SW1H,2508
2504,SW1P,2509
2505,SW1V,2510
2506,SW1W,2511
2507,SW1X,2512
2508,SW1Y,2513
2509,SW2,2514
2510,SW20,2515
2511,SW3,2516
2512,SW4,2517
2513,SW5,2518
2514,SW6,2519
2515,SW7,2520
2516,SW8,2521
2517,SW9,2522
2518,SW95,6074
2519,SY1,2524
2520,SY10,2525
2521,SY11,2526
2522,SY12,2527
2523,SY13,2528
2524,SY14,2529
2525,SY15,2530
2526,SY16,2531
2527,SY17,2532
2528,SY18,2533
2529,SY19,2534
2530,SY2,2535
2531,SY20,2536
2532,SY21,2537
2533,SY22,2538
2534,SY23,2539
2535,SY24,2540
2536,SY25,2541
2537,SY3,2542
2538,SY4,2543
2539,SY5,2544
2540,SY6,2545
2541,SY7,2546
2542,SY8,2547
2543,SY9,2548
2544,SY99,6072
2545,TA1,2549
2546,TA10,2550
2547,TA11,2551
2548,TA12,2552
2549,TA13,2553
2550,TA14,2554
2551,TA15,2555
2552,TA16,2556
2553,TA17,2557
2554,TA18,2558
2555,TA19,2559
2556,TA2,2560
2557,TA20,2561
2558,TA21,2562
2559,TA22,2563
2560,TA23,2564
2561,TA24,2565
2562,TA3,2566
2563,TA4,2567
2564,TA5,2568
2565,TA6,2569
2566,TA7,2570
2567,TA8,2571
2568,TA9,2572
2569,TD1,2573
2570,TD10,2574
2571,TD11,2575
2572,TD12,2576
2573,TD13,2577
2574,TD14,2578
2575,TD15,2579
2576,TD2,2580
2577,TD3,2581
2578,TD4,2582
2579,TD5,2583
2580,TD6,2584
2581,TD7,2585
2582,TD8,2586
2583,TD9,2587
2584,TF1,2588
2585,TF10,2589
2586,TF11,2590
2587,TF12,2591
2588,TF13,2592
2589,TF2,2593
2590,TF3,2594
2591,TF4,2595
2592,TF5,2596
2593,TF6,2597
2594,TF7,2598
2595,TF8,2599
2596,TF9,2600
2597,TN1,2601
2598,TN10,2602
2599,TN11,2603
2600,TN12,2604
2601,TN13,2605
2602,TN14,2606
2603,TN15,2607
2604,TN16,2608
2605,TN17,2609
2606,TN18,2610
2607,TN19,2611
2608,TN2,2612
2609,TN20,2613
2610,TN21,2614
2611,TN22,2615
2612,TN23,2616
2613,TN24,2617
2614,TN25,2618
2615,TN26,2619
2616,TN27,2620
2617,TN28,2621
2618,TN29,2622
2619,TN3,2623
2620,TN30,2624
2621,TN31,2625
2622,TN32,2626
2623,TN33,2627
2624,TN34,2628
2625,TN35,2629
2626,TN36,2630
2627,TN37,2631
2628,TN38,2632
2629,TN39,2633
2630,TN4,2634
2631,TN40,2635
2632,TN5,2636
2633,TN6,2637
2634,TN7,2638
2635,TN8,2639
2636,TN9,2640
2637,TQ1,2641
2638,TQ10,2642
2639,TQ11,2643
2640,TQ12,2644
2641,TQ13,2645
2642,TQ14,2646
2643,TQ2,2647
2644,TQ3,2648
2645,TQ4,2649
2646,TQ5,2650
2647,TQ6,2651
2648,TQ7,2652
2649,TQ8,2653
2650,TQ9,2654
2651,TR1,2655
2652,TR10,2656
2653,TR11,2657
2654,TR12,2658
2655,TR13,2659
2656,TR14,2660
2657,TR15,2661
2658,TR16,2662
2659,TR17,2663
2660,TR18,2664
2661,TR19,2665
2662,TR2,2666
2663,TR20,2667
2664,TR21,2668
2665,TR22,2669
2666,TR23,2670
2667,TR24,2671
2668,TR25,2672
2669,TR26,2673
2670,TR27,2674
2671,TR3,2675
2672,TR4,2676
2673,TR5,2677
2674,TR6,2678
2675,TR7,2679
2676,TR8,2680
2677,TR9,2681
2678,TS1,2683
2679,TS10,2684
2680,TS11,2685
2681,TS12,2686
2682,TS13,2687
2683,TS14,2688
2684,TS15,2689
2685,TS16,2690
2686,TS17,2691
2687,TS18,2692
2688,TS19,2693
2689,TS2,2694
2690,TS20,2695
2691,TS21,2696
2692,TS22,2697
2693,TS23,2698
2694,TS24,2699
2695,TS25,2700
2696,TS26,2701
2697,TS27,2702
2698,TS28,2703
2699,TS29,2704
2700,TS3,2705
2701,TS4,2706
2702,TS5,2707
2703,TS6,2708
2704,TS7,2709
2705,TS8,2710
2706,TS9,2711
2707,TW1,2713
2708,TW10,2714
2709,TW11,2715
2710,TW12,2716
2711,TW13,2717
2712,TW14,2718
2713,TW15,2719
2714,TW16,2720
2715,TW17,2721
2716,TW18,2722
2717,TW19,2723
2718,TW2,2724
2719,TW20,2725
2720,TW3,2726
2721,TW4,2727
2722,TW5,2728
2723,TW6,2729
2724,TW7,2730
2725,TW8,2731
2726,TW9,2732
2727,UB1,2733
2728,UB10,2734
2729,UB11,2735
2730,UB18,5957
2731,UB2,2736
2732,UB3,2737
2733,UB4,2738
2734,UB5,2739
2735,UB6,2740
2736,UB7,2741
2737,UB8,2742
2738,UB9,2743
2739,W10,2744
2740,W11,2745
2741,W12,2746
2742,W13,2747
2743,W14,2748
2744,W1A,2749
2745,W1B,2750
2746,W1C,2751
2747,W1D,2752
2748,W1F,2753
2749,W1G,2754
2750,W1H,2755
2751,W1J,2756
2752,W1K,2757
2753,W1S,2758
2754,W1T,2759
2755,W1U,2760
2756,W1W,2761
2757,W2,2762
2758,W3,2763
2759,W4,2764
2760,W5,2765
2761,W6,2766
2762,W7,2767
2763,W8,2768
2764,W9,2769
2765,WA1,2770
2766,WA10,2771
2767,WA11,2772
2768,WA12,2773
2769,WA13,2774
2770,WA14,2775
2771,WA15,2776
2772,WA16,2777
2773,WA2,2778
2774,WA3,2779
2775,WA4,2780
2776,WA5,2781
2777,WA55,2782
2778,WA6,2783
2779,WA7,2784
2780,WA8,2785
2781,WA88,2786
2782,WA9,2787
2783,WC1A,2788
2784,WC1B,2789
2785,WC1E,2790
2786,WC1H,2791
2787,WC1N,2792
2788,WC1R,2793
2789,WC1V,2794
2790,WC1X,2795
2791,WC2A,2796
2792,WC2B,2797
2793,WC2E,2798
2794,WC2H,2799
2795,WC2N,2800
2796,WC2R,2801
2797,WD17,2803
2798,WD18,2804
2799,WD19,2805
2800,WD23,2806
2801,WD24,2807
2802,WD25,2808
2803,WD3,2809
2804,WD4,2810
2805,WD5,2811
2806,WD6,2812
2807,WD7,2813
2808,WD99,6080
2809,WF1,2814
2810,WF10,2815
2811,WF11,2816
2812,WF12,2817
2813,WF13,2818
2814,WF14,2819
2815,WF15,2820
2816,WF16,2821
2817,WF17,2822
2818,WF2,2823
2819,WF3,2824
2820,WF4,2825
2821,WF5,2826
2822,WF6,2827
2823,WF7,2828
2824,WF8,2829
2825,WF9,2830
2826,WN1,2831
2827,WN2,2832
2828,WN3,2833
2829,WN4,2834
2830,WN5,2835
2831,WN6,2836
2832,WN7,2837
2833,WN8,2838
2834,WR1,2839
2835,WR10,2840
2836,WR11,2841
2837,WR12,2842
2838,WR13,2843
2839,WR14,2844
2840,WR15,2845
2841,WR2,2846
2842,WR3,2847
2843,WR4,2848
2844,WR5,2849
2845,WR6,2850
2846,WR7,2851
2847,WR8,2853
2848,WR9,2854
2849,WR99,2855
2850,WS1,2856
2851,WS10,2857
2852,WS11,2858
2853,WS12,2859
2854,WS13,2860
2855,WS14,2861
2856,WS15,2862
2857,WS2,2863
2858,WS3,2864
2859,WS4,2865
2860,WS5,2866
2861,WS6,2867
2862,WS7,2868
2863,WS8,2869
2864,WS9,2870
2865,WV1,2871
2866,WV10,2872
2867,WV11,2873
2868,WV12,2874
2869,WV13,2875
2870,WV14,2876
2871,WV15,2877
2872,WV16,2878
2873,WV2,2879
2874,WV3,2880
2875,WV4,2881
2876,WV5,2882
2877,WV6,2883
2878,WV7,2884
2879,WV8,2885
2880,WV9,2886
2881,YO1,2887
2882,YO10,2888
2883,YO11,2889
2884,YO12,2890
2885,YO13,2891
2886,YO14,2892
2887,YO15,2893
2888,YO16,2894
2889,YO17,2895
2890,YO18,2896
2891,YO19,2897
2892,YO21,2898
2893,YO22,2899
2894,YO23,2900
2895,YO24,2901
2896,YO25,2902
2897,YO26,2903
2898,YO30,2904
2899,YO31,2905
2900,YO32,2906
2901,YO41,2907
2902,YO42,2908
2903,YO43,2909
2904,YO51,2910
2905,YO60,2911
2906,YO61,2912
2907,YO62,2913
2908,YO7,2914
2909,YO8,2915
2910,YO90,2916
2911,ZE1,2919
2912,ZE2,2920
2913,ZE3,2921
